Number of processors,Seconds taken
1,11.2522249222
2,4.97033691406
3,3.39170384407
4,2.68249487877
5,3.03827190399
6,2.76224803925
