Number of processors,Seconds taken
1,972.936904907
2,491.335459948
3,337.15449214
4,253.410591841
5,265.621649981
6,255.937453985
