Number of processors,Seconds taken
1,38.5215249062
2,19.7752861977
3,13.551222086
4,10.5024650097
5,11.0548219681
6,10.7674379349
