Number of processors,Seconds taken
1,1.23407196999
2,0.847934007645
3,0.598083972931
4,0.654767036438
5,0.849101066589
6,0.610375881195
