Number of processors,Seconds taken
1,14.3013579845
2,9.69397306442
3,7.33079910278
4,7.37103796005
5,6.7159268856
6,6.44403290749
