Number of processors,Seconds taken
1,156.485552073
2,78.0954151154
3,53.2752819061
4,40.9449579716
5,43.239964962
6,42.7757549286
