Number of processors,Seconds taken
1,39.0263090134
2,19.436606884
3,13.4792261124
4,10.1741759777
5,11.3612599373
6,10.3203759193
