Number of processors,Seconds taken
1,2.29108595848
2,1.52449893951
3,1.27776908875
4,1.27950406075
5,1.18116497993
6,1.08498311043
