Number of processors,Seconds taken
1,241.850267172
2,123.363914967
3,84.3289330006
4,65.0605759621
5,66.9248189926
6,65.8041639328
